1,RMSE,SNN,known,0.6412275
1,NLL,SNN,known,-0.9184906
1,CRPS,SNN,known,0.341863
1,RMSE,SNN,known,0.5998499
1,NLL,SNN,known,-1.12632
1,CRPS,SNN,known,0.3073049
1,RMSE,SNN,known,0.5818915
1,NLL,SNN,known,-0.9625258
1,CRPS,SNN,known,0.3097691
1,RMSE,VT,known,0.5787588
1,NLL,VT,known,-0.9970323
1,CRPS,VT,known,0.3046319
1,RMSE,TN,known,0.5790783
1,NLL,TN,known,-0.9793308
1,CRPS,TN,known,0.3045968
1,RMSE,SNN,known,0.6380595
1,NLL,SNN,known,-0.9427583
1,CRPS,SNN,known,0.3317072
1,RMSE,SNN,known,0.5896344
1,NLL,SNN,known,-0.9675314
1,CRPS,SNN,known,0.3131067
1,RMSE,SNN,known,0.6302935
1,NLL,SNN,known,-0.9429034
1,CRPS,SNN,known,0.3311033
1,RMSE,VT,known,0.6092789
1,NLL,VT,known,-0.9602196
1,CRPS,VT,known,0.3188118
1,RMSE,TN,known,0.6196762
1,NLL,TN,known,-0.9574395
1,CRPS,TN,known,0.3258587
1,RMSE,SNN,known,0.5144107
1,NLL,SNN,known,-1.177659
1,CRPS,SNN,known,0.2707055
1,RMSE,VT,known,0.5251519
1,NLL,VT,known,-1.173989
1,CRPS,VT,known,0.2755557
1,RMSE,TN,known,0.5333281
1,NLL,TN,known,-1.153629
1,CRPS,TN,known,0.277726
1,RMSE,SNN,known,0.5996118
1,NLL,SNN,known,-0.8659355
1,CRPS,SNN,known,0.3260634
1,RMSE,VT,known,0.6075039
1,NLL,VT,known,-0.8306347
1,CRPS,VT,known,0.3306389
1,RMSE,TN,known,0.5934932
1,NLL,TN,known,-0.8430756
1,CRPS,TN,known,0.3215587
1,RMSE,SNN,known,0.6253215
1,NLL,SNN,known,-0.9040497
1,CRPS,SNN,known,0.3329131
1,RMSE,VT,known,0.5905941
1,NLL,VT,known,-1.026417
1,CRPS,VT,known,0.314164
1,RMSE,TN,known,0.608056
1,NLL,TN,known,-0.9524469
1,CRPS,TN,known,0.320427
1,RMSE,SNN,known,0.6298299
1,NLL,SNN,known,-1.045464
1,CRPS,SNN,known,0.3320536
1,RMSE,VT,known,0.6113903
1,NLL,VT,known,-1.087237
1,CRPS,VT,known,0.3238816
1,RMSE,TN,known,0.5870034
1,NLL,TN,known,-1.077334
1,CRPS,TN,known,0.3102497
1,RMSE,SNN,known,0.5380242
1,NLL,SNN,known,-1.033477
1,CRPS,SNN,known,0.2893607
1,RMSE,VT,known,0.5161132
1,NLL,VT,known,-1.050656
1,CRPS,VT,known,0.2767244
1,RMSE,TN,known,0.5189989
1,NLL,TN,known,-1.051828
1,CRPS,TN,known,0.2763615
1,RMSE,SNN,known,0.5302268
1,NLL,SNN,known,-1.130018
1,CRPS,SNN,known,0.2814573
1,RMSE,SNN,known,0.6160994
1,NLL,SNN,known,-1.003567
1,CRPS,SNN,known,0.3290693
1,RMSE,SNN,known,0.7015657
1,NLL,SNN,known,-0.8499011
1,CRPS,SNN,known,0.3787018
1,RMSE,VT,known,0.6700848
1,NLL,VT,known,-0.8867097
1,CRPS,VT,known,0.3592902
1,RMSE,TN,known,0.6522186
1,NLL,TN,known,-0.9322352
1,CRPS,TN,known,0.3478017
1,RMSE,SNN,known,0.5648436
1,NLL,SNN,known,-0.9840728
1,CRPS,SNN,known,0.3041337
1,RMSE,SNN,known,0.540199
1,NLL,SNN,known,-1.144369
1,CRPS,SNN,known,0.2785919
1,RMSE,VT,known,0.5398588
1,NLL,VT,known,-1.169194
1,CRPS,VT,known,0.2791993
1,RMSE,TN,known,0.5306966
1,NLL,TN,known,-1.226855
1,CRPS,TN,known,0.2717835
1,RMSE,SNN,known,0.6210906
1,NLL,SNN,known,-1.014643
1,CRPS,SNN,known,0.3260221
1,RMSE,SNN,known,0.5842665
1,NLL,SNN,known,-1.045859
1,CRPS,SNN,known,0.3078578
1,RMSE,VT,known,0.5586213
1,NLL,VT,known,-1.08941
1,CRPS,VT,known,0.2939269
1,RMSE,TN,known,0.5513019
1,NLL,TN,known,-1.076647
1,CRPS,TN,known,0.2897381
1,RMSE,SNN,known,0.5486111
1,NLL,SNN,known,-1.098527
1,CRPS,SNN,known,0.2911343
1,RMSE,VT,known,0.5339284
1,NLL,VT,known,-1.175822
1,CRPS,VT,known,0.2818719
1,RMSE,TN,known,0.5305264
1,NLL,TN,known,-1.101243
1,CRPS,TN,known,0.2808547
1,RMSE,SNN,known,0.5714321
1,NLL,SNN,known,-1.11608
1,CRPS,SNN,known,0.2990868
1,RMSE,VT,known,0.5563533
1,NLL,VT,known,-1.15598
1,CRPS,VT,known,0.2907574
1,RMSE,TN,known,0.5482273
1,NLL,TN,known,-1.163743
1,CRPS,TN,known,0.2847123
1,RMSE,CB,unknown,0.7677386
1,NLL,CB,unknown,-0.4786379
1,CRPS,CB,unknown,0.4170127
1,RMSE,SNN,unknown,0.6939794
1,NLL,SNN,unknown,-0.92967
1,CRPS,SNN,unknown,0.3710479
1,RMSE,CB,unknown,0.7191539
1,NLL,CB,unknown,-0.662508
1,CRPS,CB,unknown,0.3871353
1,RMSE,SNN,unknown,0.5978609
1,NLL,SNN,unknown,-1.134008
1,CRPS,SNN,unknown,0.3071706
1,RMSE,CB,unknown,0.6632776
1,NLL,CB,unknown,-0.6859173
1,CRPS,CB,unknown,0.3678317
1,RMSE,SNN,unknown,0.6157046
1,NLL,SNN,unknown,-1.022489
1,CRPS,SNN,unknown,0.3266085
1,RMSE,CB,unknown,0.7039334
1,NLL,CB,unknown,-0.6410617
1,CRPS,CB,unknown,0.3903076
1,RMSE,SNN,unknown,0.6279074
1,NLL,SNN,unknown,-0.9371306
1,CRPS,SNN,unknown,0.3274166
1,RMSE,CB,unknown,1.068698
1,NLL,CB,unknown,-0.4897125
1,CRPS,CB,unknown,0.5775884
1,RMSE,SNN,unknown,0.5810006
1,NLL,SNN,unknown,-0.9592067
1,CRPS,SNN,unknown,0.3070047
1,RMSE,CB,unknown,0.8048936
1,NLL,CB,unknown,-0.5878653
1,CRPS,CB,unknown,0.4343367
1,RMSE,SNN,unknown,0.6456139
1,NLL,SNN,unknown,-0.9905751
1,CRPS,SNN,unknown,0.3381964
1,RMSE,CB,unknown,0.7520289
1,NLL,CB,unknown,-0.5931698
1,CRPS,CB,unknown,0.4061224
1,RMSE,SNN,unknown,0.5158355
1,NLL,SNN,unknown,-1.054908
1,CRPS,SNN,unknown,0.2732786
1,RMSE,CB,unknown,0.9322591
1,NLL,CB,unknown,-0.5126097
1,CRPS,CB,unknown,0.5049057
1,RMSE,SNN,unknown,0.6467839
1,NLL,SNN,unknown,-0.8502212
1,CRPS,SNN,unknown,0.3532505
1,RMSE,CB,unknown,1.066327
1,NLL,CB,unknown,-0.5114644
1,CRPS,CB,unknown,0.5802613
1,RMSE,SNN,unknown,0.6353407
1,NLL,SNN,unknown,-0.9037618
1,CRPS,SNN,unknown,0.340706
1,RMSE,CB,unknown,0.8325935
1,NLL,CB,unknown,-0.6667579
1,CRPS,CB,unknown,0.4538285
1,RMSE,SNN,unknown,0.6310839
1,NLL,SNN,unknown,-0.9497651
1,CRPS,SNN,unknown,0.3341652
1,RMSE,CB,unknown,0.6797484
1,NLL,CB,unknown,-0.6272158
1,CRPS,CB,unknown,0.3729093
1,RMSE,SNN,unknown,0.5654625
1,NLL,SNN,unknown,-1.003449
1,CRPS,SNN,unknown,0.3034725
1,RMSE,CB,unknown,0.6266142
1,NLL,CB,unknown,-0.7213665
1,CRPS,CB,unknown,0.3440799
1,RMSE,SNN,unknown,0.5478627
1,NLL,SNN,unknown,-1.029535
1,CRPS,SNN,unknown,0.2898744
1,RMSE,CB,unknown,0.9043693
1,NLL,CB,unknown,-0.4685216
1,CRPS,CB,unknown,0.484397
1,RMSE,SNN,unknown,0.6225072
1,NLL,SNN,unknown,-0.9389219
1,CRPS,SNN,unknown,0.3332995
1,RMSE,CB,unknown,0.8681339
1,NLL,CB,unknown,-0.6131294
1,CRPS,CB,unknown,0.474265
1,RMSE,SNN,unknown,0.844401
1,NLL,SNN,unknown,-0.7457248
1,CRPS,SNN,unknown,0.4317369
1,RMSE,CB,unknown,0.741509
1,NLL,CB,unknown,-0.6104173
1,CRPS,CB,unknown,0.4033526
1,RMSE,SNN,unknown,0.5855833
1,NLL,SNN,unknown,-0.958749
1,CRPS,SNN,unknown,0.3124321
1,RMSE,CB,unknown,0.7171106
1,NLL,CB,unknown,-0.7010404
1,CRPS,CB,unknown,0.3865913
1,RMSE,SNN,unknown,0.5505302
1,NLL,SNN,unknown,-1.084047
1,CRPS,SNN,unknown,0.2852396
1,RMSE,CB,unknown,0.7395363
1,NLL,CB,unknown,-0.7123762
1,CRPS,CB,unknown,0.3952328
1,RMSE,SNN,unknown,0.6196712
1,NLL,SNN,unknown,-0.9911245
1,CRPS,SNN,unknown,0.3252963
1,RMSE,CB,unknown,0.7108673
1,NLL,CB,unknown,-0.6734546
1,CRPS,CB,unknown,0.3867883
1,RMSE,SNN,unknown,0.6118235
1,NLL,SNN,unknown,-1.029917
1,CRPS,SNN,unknown,0.3219328
1,RMSE,CB,unknown,0.6971902
1,NLL,CB,unknown,-0.6721496
1,CRPS,CB,unknown,0.3761064
1,RMSE,SNN,unknown,0.5455767
1,NLL,SNN,unknown,-1.089698
1,CRPS,SNN,unknown,0.2901433
1,RMSE,CB,unknown,0.6609399
1,NLL,CB,unknown,-0.6817213
1,CRPS,CB,unknown,0.3611151
1,RMSE,SNN,unknown,0.5695758
1,NLL,SNN,unknown,-1.066582
1,CRPS,SNN,unknown,0.298013
2,RMSE,SNN,known,0.7152332
2,NLL,SNN,known,-0.8096878
2,CRPS,SNN,known,0.3822977
2,RMSE,VT,known,0.6835315
2,NLL,VT,known,-0.784198
2,CRPS,VT,known,0.3653269
2,RMSE,TN,known,0.6814166
2,NLL,TN,known,-0.7822846
2,CRPS,TN,known,0.363624
2,RMSE,SNN,known,0.6064023
2,NLL,SNN,known,-0.9685653
2,CRPS,SNN,known,0.3150898
2,RMSE,VT,known,0.5911295
2,NLL,VT,known,-1.017089
2,CRPS,VT,known,0.3042062
2,RMSE,TN,known,0.5889911
2,NLL,TN,known,-1.044443
2,CRPS,TN,known,0.3039351
2,RMSE,SNN,known,0.6295944
2,NLL,SNN,known,-0.9210839
2,CRPS,SNN,known,0.3392892
2,RMSE,VT,known,0.5616836
2,NLL,VT,known,-0.9400713
2,CRPS,VT,known,0.3020316
2,RMSE,TN,known,0.5580285
2,NLL,TN,known,-0.9889254
2,CRPS,TN,known,0.2993883
2,RMSE,SNN,known,0.7143365
2,NLL,SNN,known,-0.8008756
2,CRPS,SNN,known,0.3818
2,RMSE,VT,known,0.68388
2,NLL,VT,known,-0.8345274
2,CRPS,VT,known,0.3603515
2,RMSE,TN,known,0.6781781
2,NLL,TN,known,-0.8262242
2,CRPS,TN,known,0.3580941
2,RMSE,SNN,known,0.6877394
2,NLL,SNN,known,-0.8684174
2,CRPS,SNN,known,0.3631054
2,RMSE,VT,known,0.6407936
2,NLL,VT,known,-0.8841778
2,CRPS,VT,known,0.3362206
2,RMSE,TN,known,0.6467004
2,NLL,TN,known,-0.9337485
2,CRPS,TN,known,0.3393694
2,RMSE,SNN,known,0.6516247
2,NLL,SNN,known,-0.8537032
2,CRPS,SNN,known,0.3471771
2,RMSE,VT,known,0.6285692
2,NLL,VT,known,-0.9146329
2,CRPS,VT,known,0.3308123
2,RMSE,TN,known,0.6262487
2,NLL,TN,known,-0.9078818
2,CRPS,TN,known,0.3287293
2,RMSE,SNN,known,0.6124121
2,NLL,SNN,known,-0.8740369
2,CRPS,SNN,known,0.3279563
2,RMSE,VT,known,0.5762863
2,NLL,VT,known,-0.9569175
2,CRPS,VT,known,0.3059784
2,RMSE,TN,known,0.5769302
2,NLL,TN,known,-0.9248776
2,CRPS,TN,known,0.3071834
2,RMSE,SNN,known,0.6774625
2,NLL,SNN,known,-0.7894683
2,CRPS,SNN,known,0.3634647
2,RMSE,VT,known,0.6302518
2,NLL,VT,known,-0.8265313
2,CRPS,VT,known,0.3383544
2,RMSE,TN,known,0.6263571
2,NLL,TN,known,-0.8323955
2,CRPS,TN,known,0.3351709
2,RMSE,SNN,known,0.6378697
2,NLL,SNN,known,-0.8919859
2,CRPS,SNN,known,0.3344269
2,RMSE,VT,known,0.6039438
2,NLL,VT,known,-0.9114746
2,CRPS,VT,known,0.3145366
2,RMSE,TN,known,0.6088741
2,NLL,TN,known,-0.9744114
2,CRPS,TN,known,0.3144423
2,RMSE,SNN,known,0.6468861
2,NLL,SNN,known,-0.9021669
2,CRPS,SNN,known,0.341119
2,RMSE,VT,known,0.5854284
2,NLL,VT,known,-0.9556907
2,CRPS,VT,known,0.3092918
2,RMSE,TN,known,0.5848476
2,NLL,TN,known,-0.9618849
2,CRPS,TN,known,0.306814
2,RMSE,SNN,known,0.6132056
2,NLL,SNN,known,-0.8995993
2,CRPS,SNN,known,0.3290502
2,RMSE,VT,known,0.5792323
2,NLL,VT,known,-0.9896246
2,CRPS,VT,known,0.3064649
2,RMSE,TN,known,0.5902111
2,NLL,TN,known,-0.9538208
2,CRPS,TN,known,0.3101768
2,RMSE,SNN,known,0.6584487
2,NLL,SNN,known,-1.009966
2,CRPS,SNN,known,0.3389501
2,RMSE,VT,known,0.6173991
2,NLL,VT,known,-1.01104
2,CRPS,VT,known,0.3158891
2,RMSE,TN,known,0.6104059
2,NLL,TN,known,-1.050772
2,CRPS,TN,known,0.3131928
2,RMSE,SNN,known,0.5540515
2,NLL,SNN,known,-1.033138
2,CRPS,SNN,known,0.2897786
2,RMSE,VT,known,0.5572945
2,NLL,VT,known,-1.054881
2,CRPS,VT,known,0.2908966
2,RMSE,TN,known,0.5466419
2,NLL,TN,known,-1.043006
2,CRPS,TN,known,0.284373
2,RMSE,SNN,known,0.6711344
2,NLL,SNN,known,-0.8515838
2,CRPS,SNN,known,0.3621133
2,RMSE,VT,known,0.6639333
2,NLL,VT,known,-0.8676621
2,CRPS,VT,known,0.3542406
2,RMSE,TN,known,0.6612954
2,NLL,TN,known,-0.8881882
2,CRPS,TN,known,0.3527496
2,RMSE,SNN,known,0.5473542
2,NLL,SNN,known,-1.014587
2,CRPS,SNN,known,0.2898354
2,RMSE,VT,known,0.5533227
2,NLL,VT,known,-1.076588
2,CRPS,VT,known,0.289541
2,RMSE,TN,known,0.5510608
2,NLL,TN,known,-1.081629
2,CRPS,TN,known,0.2867168
2,RMSE,SNN,known,0.6247276
2,NLL,SNN,known,-0.8841901
2,CRPS,SNN,known,0.3268896
2,RMSE,VT,known,0.5802986
2,NLL,VT,known,-0.9746265
2,CRPS,VT,known,0.3028382
2,RMSE,TN,known,0.578991
2,NLL,TN,known,-0.9940788
2,CRPS,TN,known,0.300748
2,RMSE,SNN,known,0.6426179
2,NLL,SNN,known,-0.8399227
2,CRPS,SNN,known,0.3440156
2,RMSE,VT,known,0.5819199
2,NLL,VT,known,-0.8492845
2,CRPS,VT,known,0.3095496
2,RMSE,TN,known,0.5816381
2,NLL,TN,known,-0.881943
2,CRPS,TN,known,0.3091787
2,RMSE,SNN,known,0.6262166
2,NLL,SNN,known,-0.9097954
2,CRPS,SNN,known,0.3266294
2,RMSE,VT,known,0.5993568
2,NLL,VT,known,-0.9999995
2,CRPS,VT,known,0.3096108
2,RMSE,TN,known,0.595407
2,NLL,TN,known,-0.9851457
2,CRPS,TN,known,0.3081245
2,RMSE,SNN,known,0.652104
2,NLL,SNN,known,-0.9246321
2,CRPS,SNN,known,0.3363485
2,RMSE,VT,known,0.6017347
2,NLL,VT,known,-1.001275
2,CRPS,VT,known,0.3076081
2,RMSE,TN,known,0.5946257
2,NLL,TN,known,-0.9765834
2,CRPS,TN,known,0.3048022
2,RMSE,SNN,known,0.5613476
2,NLL,SNN,known,-1.018041
2,CRPS,SNN,known,0.2938931
2,RMSE,VT,known,0.5524589
2,NLL,VT,known,-0.9728123
2,CRPS,VT,known,0.2875759
2,RMSE,TN,known,0.5431077
2,NLL,TN,known,-1.004089
2,CRPS,TN,known,0.2821495
2,RMSE,CB,unknown,0.8546418
2,NLL,CB,unknown,-0.4919842
2,CRPS,CB,unknown,0.476525
2,RMSE,SNN,unknown,0.6208192
2,NLL,SNN,unknown,-0.8529503
2,CRPS,SNN,unknown,0.3307922
2,RMSE,CB,unknown,1.077527
2,NLL,CB,unknown,-0.4286532
2,CRPS,CB,unknown,0.5895443
2,RMSE,SNN,unknown,0.7362
2,NLL,SNN,unknown,-0.7514164
2,CRPS,SNN,unknown,0.3974962
2,RMSE,CB,unknown,0.8274511
2,NLL,CB,unknown,-0.5147522
2,CRPS,CB,unknown,0.4641297
2,RMSE,SNN,unknown,0.6292736
2,NLL,SNN,unknown,-1.024095
2,CRPS,SNN,unknown,0.3255636
2,RMSE,CB,unknown,0.9865823
2,NLL,CB,unknown,-0.5263617
2,CRPS,CB,unknown,0.5365163
2,RMSE,SNN,unknown,0.6192809
2,NLL,SNN,unknown,-0.8700701
2,CRPS,SNN,unknown,0.3353399
2,RMSE,CB,unknown,1.027426
2,NLL,CB,unknown,-0.4199295
2,CRPS,CB,unknown,0.5697428
2,RMSE,SNN,unknown,0.7068928
2,NLL,SNN,unknown,-0.7696749
2,CRPS,SNN,unknown,0.3798842
2,RMSE,CB,unknown,0.9689049
2,NLL,CB,unknown,-0.4678895
2,CRPS,CB,unknown,0.5378251
2,RMSE,SNN,unknown,0.6435409
2,NLL,SNN,unknown,-0.8908815
2,CRPS,SNN,unknown,0.3394939
2,RMSE,CB,unknown,0.904264
2,NLL,CB,unknown,-0.5568923
2,CRPS,CB,unknown,0.4951237
2,RMSE,SNN,unknown,0.6298906
2,NLL,SNN,unknown,-0.8447407
2,CRPS,SNN,unknown,0.3337888
2,RMSE,CB,unknown,0.8047851
2,NLL,CB,unknown,-0.5060893
2,CRPS,CB,unknown,0.4506183
2,RMSE,SNN,unknown,0.6099329
2,NLL,SNN,unknown,-0.8317152
2,CRPS,SNN,unknown,0.3301296
2,RMSE,CB,unknown,1.022329
2,NLL,CB,unknown,-0.4327656
2,CRPS,CB,unknown,0.5733499
2,RMSE,SNN,unknown,0.6637998
2,NLL,SNN,unknown,-0.7997594
2,CRPS,SNN,unknown,0.359904
2,RMSE,CB,unknown,0.8890651
2,NLL,CB,unknown,-0.5127352
2,CRPS,CB,unknown,0.4904313
2,RMSE,SNN,unknown,0.6356818
2,NLL,SNN,unknown,-0.8243939
2,CRPS,SNN,unknown,0.3339006
2,RMSE,CB,unknown,0.8327819
2,NLL,CB,unknown,-0.5714428
2,CRPS,CB,unknown,0.4635089
2,RMSE,SNN,unknown,0.6315377
2,NLL,SNN,unknown,-0.8410389
2,CRPS,SNN,unknown,0.3350013
2,RMSE,CB,unknown,0.9249526
2,NLL,CB,unknown,-0.471169
2,CRPS,CB,unknown,0.5183406
2,RMSE,SNN,unknown,0.6618179
2,NLL,SNN,unknown,-0.7987384
2,CRPS,SNN,unknown,0.3494383
2,RMSE,CB,unknown,0.8292754
2,NLL,CB,unknown,-0.5900247
2,CRPS,CB,unknown,0.456044
2,RMSE,SNN,unknown,0.5749246
2,NLL,SNN,unknown,-1.056028
2,CRPS,SNN,unknown,0.3002472
2,RMSE,CB,unknown,1.152976
2,NLL,CB,unknown,-0.4403611
2,CRPS,CB,unknown,0.6275567
2,RMSE,SNN,unknown,0.7015864
2,NLL,SNN,unknown,-0.7573769
2,CRPS,SNN,unknown,0.3791693
2,RMSE,CB,unknown,0.7717671
2,NLL,CB,unknown,-0.573826
2,CRPS,CB,unknown,0.4298195
2,RMSE,SNN,unknown,0.6173146
2,NLL,SNN,unknown,-0.9915766
2,CRPS,SNN,unknown,0.3242219
2,RMSE,CB,unknown,0.8891347
2,NLL,CB,unknown,-0.4867245
2,CRPS,CB,unknown,0.4971101
2,RMSE,SNN,unknown,0.6157336
2,NLL,SNN,unknown,-0.920388
2,CRPS,SNN,unknown,0.3210136
2,RMSE,CB,unknown,1.024812
2,NLL,CB,unknown,-0.4603542
2,CRPS,CB,unknown,0.5701792
2,RMSE,SNN,unknown,0.6021247
2,NLL,SNN,unknown,-0.7969996
2,CRPS,SNN,unknown,0.3228404
2,RMSE,CB,unknown,0.8321517
2,NLL,CB,unknown,-0.5113648
2,CRPS,CB,unknown,0.4590909
2,RMSE,SNN,unknown,0.6314613
2,NLL,SNN,unknown,-0.8760014
2,CRPS,SNN,unknown,0.3309405
2,RMSE,CB,unknown,0.9820298
2,NLL,CB,unknown,-0.4482373
2,CRPS,CB,unknown,0.5364425
2,RMSE,SNN,unknown,0.6733031
2,NLL,SNN,unknown,-0.8640691
2,CRPS,SNN,unknown,0.3509584
2,RMSE,CB,unknown,0.7487983
2,NLL,CB,unknown,-0.540895
2,CRPS,CB,unknown,0.4221615
2,RMSE,SNN,unknown,0.5164439
2,NLL,SNN,unknown,-0.9737797
2,CRPS,SNN,unknown,0.2742155
3,RMSE,SNN,known,0.1751825
3,NLL,SNN,known,-2.937778
3,CRPS,SNN,known,0.09021603
3,RMSE,VT,known,0.1688487
3,NLL,VT,known,-2.869606
3,CRPS,VT,known,0.08810479
3,RMSE,TN,known,0.1685926
3,NLL,TN,known,-2.901121
3,CRPS,TN,known,0.08832146
3,RMSE,SNN,known,0.1797803
3,NLL,SNN,known,-3.276063
3,CRPS,SNN,known,0.08770224
3,RMSE,SNN,known,0.1689955
3,NLL,SNN,known,-3.190693
3,CRPS,SNN,known,0.08431641
3,RMSE,VT,known,0.166534
3,NLL,VT,known,-3.220114
3,CRPS,VT,known,0.08388751
3,RMSE,TN,known,0.1658816
3,NLL,TN,known,-3.098533
3,CRPS,TN,known,0.08343167
3,RMSE,SNN,known,0.1904217
3,NLL,SNN,known,-3.14018
3,CRPS,SNN,known,0.09279661
3,RMSE,VT,known,0.1781835
3,NLL,VT,known,-3.078972
3,CRPS,VT,known,0.08928715
3,RMSE,TN,known,0.1799987
3,NLL,TN,known,-3.020473
3,CRPS,TN,known,0.08982306
3,RMSE,SNN,known,0.1785187
3,NLL,SNN,known,-3.089267
3,CRPS,SNN,known,0.08957326
3,RMSE,VT,known,0.1787587
3,NLL,VT,known,-3.103918
3,CRPS,VT,known,0.0892013
3,RMSE,TN,known,0.1769295
3,NLL,TN,known,-3.065641
3,CRPS,TN,known,0.08794021
3,RMSE,SNN,known,0.1850964
3,NLL,SNN,known,-2.936935
3,CRPS,SNN,known,0.09121764
3,RMSE,SNN,known,0.1702865
3,NLL,SNN,known,-3.357926
3,CRPS,SNN,known,0.08467795
3,RMSE,VT,known,0.1599488
3,NLL,VT,known,-3.208838
3,CRPS,VT,known,0.08130294
3,RMSE,TN,known,0.160199
3,NLL,TN,known,-3.165806
3,CRPS,TN,known,0.08145885
3,RMSE,SNN,known,0.1688373
3,NLL,SNN,known,-3.00667
3,CRPS,SNN,known,0.08744305
3,RMSE,VT,known,0.165741
3,NLL,VT,known,-3.120897
3,CRPS,VT,known,0.08636968
3,RMSE,TN,known,0.1615832
3,NLL,TN,known,-3.074885
3,CRPS,TN,known,0.08460351
3,RMSE,SNN,known,0.178524
3,NLL,SNN,known,-2.975403
3,CRPS,SNN,known,0.09000372
3,RMSE,VT,known,0.1718861
3,NLL,VT,known,-3.03557
3,CRPS,VT,known,0.08718487
3,RMSE,TN,known,0.1738334
3,NLL,TN,known,-3.043079
3,CRPS,TN,known,0.0878035
3,RMSE,SNN,known,0.1903094
3,NLL,SNN,known,-2.950596
3,CRPS,SNN,known,0.09398268
3,RMSE,VT,known,0.1904005
3,NLL,VT,known,-2.999887
3,CRPS,VT,known,0.09377338
3,RMSE,TN,known,0.1931549
3,NLL,TN,known,-3.092065
3,CRPS,TN,known,0.09399314
3,RMSE,SNN,known,0.1764762
3,NLL,SNN,known,-2.250238
3,CRPS,SNN,known,0.09464358
3,RMSE,VT,known,0.1728854
3,NLL,VT,known,-2.25178
3,CRPS,VT,known,0.09400836
3,RMSE,TN,known,0.1702005
3,NLL,TN,known,-2.426215
3,CRPS,TN,known,0.09201248
3,RMSE,SNN,known,0.1580976
3,NLL,SNN,known,-3.445684
3,CRPS,SNN,known,0.08083367
3,RMSE,VT,known,0.1576943
3,NLL,VT,known,-3.393776
3,CRPS,VT,known,0.08037704
3,RMSE,TN,known,0.1550611
3,NLL,TN,known,-3.383905
3,CRPS,TN,known,0.07950972
3,RMSE,SNN,known,0.1981462
3,NLL,SNN,known,-2.94357
3,CRPS,SNN,known,0.09850555
3,RMSE,VT,known,0.1945832
3,NLL,VT,known,-2.961777
3,CRPS,VT,known,0.095128
3,RMSE,TN,known,0.191954
3,NLL,TN,known,-2.902627
3,CRPS,TN,known,0.09425884
3,RMSE,SNN,known,0.1990886
3,NLL,SNN,known,-2.794643
3,CRPS,SNN,known,0.09915007
3,RMSE,VT,known,0.1846088
3,NLL,VT,known,-2.864343
3,CRPS,VT,known,0.09333845
3,RMSE,TN,known,0.1848205
3,NLL,TN,known,-2.939186
3,CRPS,TN,known,0.0936803
3,RMSE,SNN,known,0.17617
3,NLL,SNN,known,-3.042317
3,CRPS,SNN,known,0.08758726
3,RMSE,VT,known,0.1624821
3,NLL,VT,known,-3.060426
3,CRPS,VT,known,0.08349497
3,RMSE,TN,known,0.1609093
3,NLL,TN,known,-3.12016
3,CRPS,TN,known,0.08300029
3,RMSE,SNN,known,0.1816938
3,NLL,SNN,known,-3.063871
3,CRPS,SNN,known,0.0882216
3,RMSE,VT,known,0.1739579
3,NLL,VT,known,-3.082367
3,CRPS,VT,known,0.08600058
3,RMSE,TN,known,0.1732597
3,NLL,TN,known,-3.075382
3,CRPS,TN,known,0.08537405
3,RMSE,SNN,known,0.1865462
3,NLL,SNN,known,-2.909063
3,CRPS,SNN,known,0.09188757
3,RMSE,VT,known,0.1759092
3,NLL,VT,known,-3.023818
3,CRPS,VT,known,0.08794518
3,RMSE,TN,known,0.1753579
3,NLL,TN,known,-3.004783
3,CRPS,TN,known,0.08771762
3,RMSE,SNN,known,0.1722012
3,NLL,SNN,known,-3.040278
3,CRPS,SNN,known,0.0869183
3,RMSE,VT,known,0.1735353
3,NLL,VT,known,-3.081063
3,CRPS,VT,known,0.08728407
3,RMSE,TN,known,0.1719555
3,NLL,TN,known,-3.006053
3,CRPS,TN,known,0.08677852
3,RMSE,SNN,known,0.1531487
3,NLL,SNN,known,-3.230746
3,CRPS,SNN,known,0.07921448
3,RMSE,VT,known,0.1489778
3,NLL,VT,known,-3.242216
3,CRPS,VT,known,0.07774736
3,RMSE,TN,known,0.1487912
3,NLL,TN,known,-3.418718
3,CRPS,TN,known,0.07769546
3,RMSE,SNN,known,0.1625124
3,NLL,SNN,known,-3.238614
3,CRPS,SNN,known,0.08307975
3,RMSE,VT,known,0.1634139
3,NLL,VT,known,-3.212772
3,CRPS,VT,known,0.08314896
3,RMSE,TN,known,0.1606301
3,NLL,TN,known,-3.218337
3,CRPS,TN,known,0.08284605
3,RMSE,CB,unknown,0.3926888
3,NLL,CB,unknown,-0.9971508
3,CRPS,CB,unknown,0.2186712
3,RMSE,SNN,unknown,0.184126
3,NLL,SNN,unknown,-2.879928
3,CRPS,SNN,unknown,0.09499098
3,RMSE,CB,unknown,0.3728863
3,NLL,CB,unknown,-1.083058
3,CRPS,CB,unknown,0.2079723
3,RMSE,SNN,unknown,0.1781388
3,NLL,SNN,unknown,-3.172779
3,CRPS,SNN,unknown,0.08729024
3,RMSE,CB,unknown,0.3810353
3,NLL,CB,unknown,-1.145449
3,CRPS,CB,unknown,0.2120644
3,RMSE,SNN,unknown,0.1708632
3,NLL,SNN,unknown,-3.007393
3,CRPS,SNN,unknown,0.08558424
3,RMSE,CB,unknown,0.3679371
3,NLL,CB,unknown,-1.342443
3,CRPS,CB,unknown,0.2050042
3,RMSE,SNN,unknown,0.1865448
3,NLL,SNN,unknown,-2.995244
3,CRPS,SNN,unknown,0.09246954
3,RMSE,CB,unknown,0.3882863
3,NLL,CB,unknown,-1.039708
3,CRPS,CB,unknown,0.2175139
3,RMSE,SNN,unknown,0.1730477
3,NLL,SNN,unknown,-3.005888
3,CRPS,SNN,unknown,0.08814649
3,RMSE,CB,unknown,0.3677052
3,NLL,CB,unknown,-1.075744
3,CRPS,CB,unknown,0.2064796
3,RMSE,SNN,unknown,0.1893052
3,NLL,SNN,unknown,-3.021996
3,CRPS,SNN,unknown,0.09326708
3,RMSE,CB,unknown,0.3806275
3,NLL,CB,unknown,-1.247754
3,CRPS,CB,unknown,0.2127841
3,RMSE,SNN,unknown,0.1672446
3,NLL,SNN,unknown,-3.194984
3,CRPS,SNN,unknown,0.08415967
3,RMSE,CB,unknown,0.3742718
3,NLL,CB,unknown,-1.074691
3,CRPS,CB,unknown,0.2104592
3,RMSE,SNN,unknown,0.1717369
3,NLL,SNN,unknown,-2.808435
3,CRPS,SNN,unknown,0.09029056
3,RMSE,CB,unknown,0.3636337
3,NLL,CB,unknown,-1.182807
3,CRPS,CB,unknown,0.2043836
3,RMSE,SNN,unknown,0.1811258
3,NLL,SNN,unknown,-2.912518
3,CRPS,SNN,unknown,0.09112209
3,RMSE,CB,unknown,0.4087666
3,NLL,CB,unknown,-1.149684
3,CRPS,CB,unknown,0.2276537
3,RMSE,SNN,unknown,0.2026583
3,NLL,SNN,unknown,-2.83014
3,CRPS,SNN,unknown,0.09819961
3,RMSE,CB,unknown,0.3640721
3,NLL,CB,unknown,-1.127114
3,CRPS,CB,unknown,0.2047009
3,RMSE,SNN,unknown,0.1757015
3,NLL,SNN,unknown,-2.27977
3,CRPS,SNN,unknown,0.09415121
3,RMSE,CB,unknown,0.387561
3,NLL,CB,unknown,-1.058615
3,CRPS,CB,unknown,0.2164227
3,RMSE,SNN,unknown,0.1607421
3,NLL,SNN,unknown,-3.202809
3,CRPS,SNN,unknown,0.08221701
3,RMSE,CB,unknown,0.3668927
3,NLL,CB,unknown,-1.049386
3,CRPS,CB,unknown,0.204469
3,RMSE,SNN,unknown,0.1994128
3,NLL,SNN,unknown,-2.802306
3,CRPS,SNN,unknown,0.0998747
3,RMSE,CB,unknown,0.3883218
3,NLL,CB,unknown,-0.9886858
3,CRPS,CB,unknown,0.2172313
3,RMSE,SNN,unknown,0.1983401
3,NLL,SNN,unknown,-2.686888
3,CRPS,SNN,unknown,0.09986405
3,RMSE,CB,unknown,0.3837321
3,NLL,CB,unknown,-1.157967
3,CRPS,CB,unknown,0.2129917
3,RMSE,SNN,unknown,0.1786539
3,NLL,SNN,unknown,-2.987581
3,CRPS,SNN,unknown,0.0899232
3,RMSE,CB,unknown,0.3773633
3,NLL,CB,unknown,-1.174222
3,CRPS,CB,unknown,0.2095954
3,RMSE,SNN,unknown,0.1796477
3,NLL,SNN,unknown,-3.184173
3,CRPS,SNN,unknown,0.08850654
3,RMSE,CB,unknown,0.4078605
3,NLL,CB,unknown,-1.209747
3,CRPS,CB,unknown,0.2261986
3,RMSE,SNN,unknown,0.1837778
3,NLL,SNN,unknown,-2.895487
3,CRPS,SNN,unknown,0.09128681
3,RMSE,CB,unknown,0.3774316
3,NLL,CB,unknown,-1.120671
3,CRPS,CB,unknown,0.2097561
3,RMSE,SNN,unknown,0.1753166
3,NLL,SNN,unknown,-3.044822
3,CRPS,SNN,unknown,0.08873139
3,RMSE,CB,unknown,0.3933215
3,NLL,CB,unknown,-0.9793197
3,CRPS,CB,unknown,0.2191624
3,RMSE,SNN,unknown,0.1549113
3,NLL,SNN,unknown,-3.163052
3,CRPS,SNN,unknown,0.0804827
3,RMSE,CB,unknown,0.3787533
3,NLL,CB,unknown,-0.9590102
3,CRPS,CB,unknown,0.2133966
3,RMSE,SNN,unknown,0.1608435
3,NLL,SNN,unknown,-3.034441
3,CRPS,SNN,unknown,0.08285752
1,RMSE,SNN_order_maximin,unknown,0.6388905
1,NLL,SNN_order_maximin,unknown,-0.8628135
1,CRPS,SNN_order_maximin,unknown,0.3425374
1,RMSE,SNN_order_maximin,unknown,0.5812055
1,NLL,SNN_order_maximin,unknown,-1.160132
1,CRPS,SNN_order_maximin,unknown,0.3000369
1,RMSE,SNN_order_maximin,unknown,0.5865411
1,NLL,SNN_order_maximin,unknown,-0.9084918
1,CRPS,SNN_order_maximin,unknown,0.3139929
1,RMSE,SNN_order_maximin,unknown,0.6213879
1,NLL,SNN_order_maximin,unknown,-0.9702865
1,CRPS,SNN_order_maximin,unknown,0.3287997
1,RMSE,SNN_order_maximin,unknown,0.5772347
1,NLL,SNN_order_maximin,unknown,-0.9172502
1,CRPS,SNN_order_maximin,unknown,0.3087583
1,RMSE,SNN_order_maximin,unknown,0.6332605
1,NLL,SNN_order_maximin,unknown,-0.9022708
1,CRPS,SNN_order_maximin,unknown,0.3363224
1,RMSE,SNN_order_maximin,unknown,0.5398037
1,NLL,SNN_order_maximin,unknown,-1.015073
1,CRPS,SNN_order_maximin,unknown,0.2843664
1,RMSE,SNN_order_maximin,unknown,0.6096014
1,NLL,SNN_order_maximin,unknown,-0.8383405
1,CRPS,SNN_order_maximin,unknown,0.3338089
1,RMSE,SNN_order_maximin,unknown,0.6315236
1,NLL,SNN_order_maximin,unknown,-0.8368158
1,CRPS,SNN_order_maximin,unknown,0.3407021
1,RMSE,SNN_order_maximin,unknown,0.6184304
1,NLL,SNN_order_maximin,unknown,-0.9156006
1,CRPS,SNN_order_maximin,unknown,0.3318262
1,RMSE,SNN_order_maximin,unknown,0.5512135
1,NLL,SNN_order_maximin,unknown,-1.012174
1,CRPS,SNN_order_maximin,unknown,0.295007
1,RMSE,SNN_order_maximin,unknown,0.5313939
1,NLL,SNN_order_maximin,unknown,-1.084297
1,CRPS,SNN_order_maximin,unknown,0.2812209
1,RMSE,SNN_order_maximin,unknown,0.6078914
1,NLL,SNN_order_maximin,unknown,-0.9184431
1,CRPS,SNN_order_maximin,unknown,0.327335
1,RMSE,SNN_order_maximin,unknown,0.667488
1,NLL,SNN_order_maximin,unknown,-0.9025608
1,CRPS,SNN_order_maximin,unknown,0.363753
1,RMSE,SNN_order_maximin,unknown,0.5665444
1,NLL,SNN_order_maximin,unknown,-0.9980627
1,CRPS,SNN_order_maximin,unknown,0.3048298
1,RMSE,SNN_order_maximin,unknown,0.5261201
1,NLL,SNN_order_maximin,unknown,-1.226016
1,CRPS,SNN_order_maximin,unknown,0.2720014
1,RMSE,SNN_order_maximin,unknown,0.592876
1,NLL,SNN_order_maximin,unknown,-1.048638
1,CRPS,SNN_order_maximin,unknown,0.3133514
1,RMSE,SNN_order_maximin,unknown,0.5881396
1,NLL,SNN_order_maximin,unknown,-0.9882982
1,CRPS,SNN_order_maximin,unknown,0.3121016
1,RMSE,SNN_order_maximin,unknown,0.5438751
1,NLL,SNN_order_maximin,unknown,-1.071821
1,CRPS,SNN_order_maximin,unknown,0.2893657
1,RMSE,SNN_order_maximin,unknown,0.5560059
1,NLL,SNN_order_maximin,unknown,-1.066497
1,CRPS,SNN_order_maximin,unknown,0.2918916
2,RMSE,SNN_order_maximin,unknown,0.6973281
2,NLL,SNN_order_maximin,unknown,-0.7325798
2,CRPS,SNN_order_maximin,unknown,0.3764965
2,RMSE,SNN_order_maximin,unknown,0.6145065
2,NLL,SNN_order_maximin,unknown,-0.9881993
2,CRPS,SNN_order_maximin,unknown,0.3200531
2,RMSE,SNN_order_maximin,unknown,0.6033593
2,NLL,SNN_order_maximin,unknown,-0.8559754
2,CRPS,SNN_order_maximin,unknown,0.3259864
2,RMSE,SNN_order_maximin,unknown,0.7034358
2,NLL,SNN_order_maximin,unknown,-0.7284739
2,CRPS,SNN_order_maximin,unknown,0.3808054
2,RMSE,SNN_order_maximin,unknown,0.6525324
2,NLL,SNN_order_maximin,unknown,-0.8208404
2,CRPS,SNN_order_maximin,unknown,0.3483452
2,RMSE,SNN_order_maximin,unknown,0.6288237
2,NLL,SNN_order_maximin,unknown,-0.8706816
2,CRPS,SNN_order_maximin,unknown,0.3346154
2,RMSE,SNN_order_maximin,unknown,0.6088627
2,NLL,SNN_order_maximin,unknown,-0.8570075
2,CRPS,SNN_order_maximin,unknown,0.330211
2,RMSE,SNN_order_maximin,unknown,0.6528636
2,NLL,SNN_order_maximin,unknown,-0.7290449
2,CRPS,SNN_order_maximin,unknown,0.3549628
2,RMSE,SNN_order_maximin,unknown,0.627758
2,NLL,SNN_order_maximin,unknown,-0.8346225
2,CRPS,SNN_order_maximin,unknown,0.3312771
2,RMSE,SNN_order_maximin,unknown,0.6014114
2,NLL,SNN_order_maximin,unknown,-0.81552
2,CRPS,SNN_order_maximin,unknown,0.3194369
2,RMSE,SNN_order_maximin,unknown,0.6153876
2,NLL,SNN_order_maximin,unknown,-0.8528366
2,CRPS,SNN_order_maximin,unknown,0.3302273
2,RMSE,SNN_order_maximin,unknown,0.6481325
2,NLL,SNN_order_maximin,unknown,-0.8220564
2,CRPS,SNN_order_maximin,unknown,0.3425975
2,RMSE,SNN_order_maximin,unknown,0.5739248
2,NLL,SNN_order_maximin,unknown,-1.001854
2,CRPS,SNN_order_maximin,unknown,0.3012521
2,RMSE,SNN_order_maximin,unknown,0.6798886
2,NLL,SNN_order_maximin,unknown,-0.7735535
2,CRPS,SNN_order_maximin,unknown,0.3667198
2,RMSE,SNN_order_maximin,unknown,0.5934798
2,NLL,SNN_order_maximin,unknown,-0.9148605
2,CRPS,SNN_order_maximin,unknown,0.3112324
2,RMSE,SNN_order_maximin,unknown,0.624323
2,NLL,SNN_order_maximin,unknown,-0.8264052
2,CRPS,SNN_order_maximin,unknown,0.3272827
2,RMSE,SNN_order_maximin,unknown,0.6100151
2,NLL,SNN_order_maximin,unknown,-0.7763005
2,CRPS,SNN_order_maximin,unknown,0.3274451
2,RMSE,SNN_order_maximin,unknown,0.6254055
2,NLL,SNN_order_maximin,unknown,-0.8792834
2,CRPS,SNN_order_maximin,unknown,0.3298099
2,RMSE,SNN_order_maximin,unknown,0.6638271
2,NLL,SNN_order_maximin,unknown,-0.8112244
2,CRPS,SNN_order_maximin,unknown,0.3475174
2,RMSE,SNN_order_maximin,unknown,0.5307703
2,NLL,SNN_order_maximin,unknown,-0.9574842
2,CRPS,SNN_order_maximin,unknown,0.2823595
3,RMSE,SNN_order_maximin,unknown,0.1736902
3,NLL,SNN_order_maximin,unknown,-2.977764
3,CRPS,SNN_order_maximin,unknown,0.08999523
3,RMSE,SNN_order_maximin,unknown,0.1717856
3,NLL,SNN_order_maximin,unknown,-2.97119
3,CRPS,SNN_order_maximin,unknown,0.08652124
3,RMSE,SNN_order_maximin,unknown,0.1787282
3,NLL,SNN_order_maximin,unknown,-2.965095
3,CRPS,SNN_order_maximin,unknown,0.08858117
3,RMSE,SNN_order_maximin,unknown,0.183124
3,NLL,SNN_order_maximin,unknown,-3.031296
3,CRPS,SNN_order_maximin,unknown,0.09091205
3,RMSE,SNN_order_maximin,unknown,0.1741672
3,NLL,SNN_order_maximin,unknown,-2.896406
3,CRPS,SNN_order_maximin,unknown,0.08915219
3,RMSE,SNN_order_maximin,unknown,0.1823403
3,NLL,SNN_order_maximin,unknown,-3.158157
3,CRPS,SNN_order_maximin,unknown,0.09050384
3,RMSE,SNN_order_maximin,unknown,0.1684833
3,NLL,SNN_order_maximin,unknown,-3.174021
3,CRPS,SNN_order_maximin,unknown,0.08420613
3,RMSE,SNN_order_maximin,unknown,0.1748948
3,NLL,SNN_order_maximin,unknown,-2.82921
3,CRPS,SNN_order_maximin,unknown,0.09091386
3,RMSE,SNN_order_maximin,unknown,0.1826552
3,NLL,SNN_order_maximin,unknown,-2.936569
3,CRPS,SNN_order_maximin,unknown,0.09156706
3,RMSE,SNN_order_maximin,unknown,0.2032805
3,NLL,SNN_order_maximin,unknown,-2.951383
3,CRPS,SNN_order_maximin,unknown,0.09777155
3,RMSE,SNN_order_maximin,unknown,0.1705315
3,NLL,SNN_order_maximin,unknown,-2.349052
3,CRPS,SNN_order_maximin,unknown,0.09189335
3,RMSE,SNN_order_maximin,unknown,0.1578153
3,NLL,SNN_order_maximin,unknown,-3.149992
3,CRPS,SNN_order_maximin,unknown,0.08111694
3,RMSE,SNN_order_maximin,unknown,0.1926045
3,NLL,SNN_order_maximin,unknown,-2.82255
3,CRPS,SNN_order_maximin,unknown,0.09626455
3,RMSE,SNN_order_maximin,unknown,0.191147
3,NLL,SNN_order_maximin,unknown,-2.700692
3,CRPS,SNN_order_maximin,unknown,0.09802504
3,RMSE,SNN_order_maximin,unknown,0.1633691
3,NLL,SNN_order_maximin,unknown,-3.028954
3,CRPS,SNN_order_maximin,unknown,0.08448674
3,RMSE,SNN_order_maximin,unknown,0.1827378
3,NLL,SNN_order_maximin,unknown,-3.039282
3,CRPS,SNN_order_maximin,unknown,0.08981023
3,RMSE,SNN_order_maximin,unknown,0.1817308
3,NLL,SNN_order_maximin,unknown,-2.887941
3,CRPS,SNN_order_maximin,unknown,0.09148766
3,RMSE,SNN_order_maximin,unknown,0.1838504
3,NLL,SNN_order_maximin,unknown,-2.898938
3,CRPS,SNN_order_maximin,unknown,0.09219311
3,RMSE,SNN_order_maximin,unknown,0.1563178
3,NLL,SNN_order_maximin,unknown,-3.264055
3,CRPS,SNN_order_maximin,unknown,0.0807685
3,RMSE,SNN_order_maximin,unknown,0.1709489
3,NLL,SNN_order_maximin,unknown,-3.086819
3,CRPS,SNN_order_maximin,unknown,0.0857599
1,time,CB,unknown,9804.943
1,time,SNN,unknown,877.345
1,time,CB,unknown,10442.45
1,time,SNN_order_maximin,unknown,1214.631
2,time,CB,unknown,9611.927
2,time,SNN,unknown,980.697
2,time,CB,unknown,9866.73
2,time,SNN_order_maximin,unknown,889.3322
3,time,CB,unknown,9985.904
3,time,SNN,unknown,413.8315
3,time,CB,unknown,9837.261
3,time,SNN_order_maximin,unknown,433.5285
